{
    "parent": "item/handheld",
    "textures": {
        "layer0": "items/wood_shovel"
	},
	"display": {
		"gui": {
			"rotation":  [ 0, 0, 0 ],
            "translation": [ 0, 0, 0],
			"scale":  [ 1.2, 1.2, 1.2 ]
		},
        "ground": {
            "rotation": [ 0, 0, 0 ],
            "translation": [ 0, 2, 0],
            "scale":[ 0.75, 0.75, 0.75 ]
        },
        "head": {
            "rotation": [ 0, 180, 0 ],
            "translation": [ 0, 13, 7],
            "scale":[ 1.5, 1.5, 1.5]
        },
        "thirdperson_righthand": {
            "rotation": [ -30, 0, 40 ],
            "translation": [ 0, 5, -2 ],
            "scale": [ 1.5, 1.5, 1.5 ]
        },
        "firstperson_righthand": {
            "rotation": [ 0, -90, 25 ],
            "translation": [ 1.13, 3.2, 1.13],
            "scale": [ 1, 1, 1 ]
        },
        "fixed": {
            "rotation": [ 0, 180, 0 ],
            "scale": [ 1.3, 1.3, 1.3 ]
        }
    }
}
