{
	"__comment": "Designed by Filmjolk with Cubik Studio - https://cubik.studio",
	"textures": {
		"particle": "blocks/birch_fence",
		"texture": "blocks/birch_fence"
	},
	"elements": [
		{
			"__comment": "Cube1",
			"from": [ 5.75, 15.25, 5.75 ],
			"to": [ 10.25, 15.5, 10.25 ],
			"faces": {
				"down": { "uv": [ 5.75, 5.75, 10.25, 10.25 ], "texture": "#texture" },
				"up": { "uv": [ 5.75, 5.75, 10.25, 10.25 ], "texture": "#texture" },
				"north": { "uv": [ 5.75, 0.5, 10.25, 0.75 ], "texture": "#texture" },
				"south": { "uv": [ 5.75, 0.5, 10.25, 0.75 ], "texture": "#texture" },
				"west": { "uv": [ 5.75, 0.5, 10.25, 0.75 ], "texture": "#texture" },
				"east": { "uv": [ 5.75, 0.5, 10.25, 0.75 ], "texture": "#texture" }
			}
		},
		{
			"__comment": "Cube1",
			"from": [ 6, 0, 6 ],
			"to": [ 10, 15.75, 10 ],
			"faces": {
				"down": { "uv": [ 6, 6, 10, 10 ], "texture": "#texture" },
				"up": { "uv": [ 6, 6, 10, 10 ], "texture": "#texture" },
				"north": { "uv": [ 6, 0.25, 10, 16 ], "texture": "#texture" },
				"south": { "uv": [ 6, 0.25, 10, 16 ], "texture": "#texture" },
				"west": { "uv": [ 6, 0.25, 10, 16 ], "texture": "#texture" },
				"east": { "uv": [ 6, 0.25, 10, 16 ], "texture": "#texture" }
			}
		},
		{
			"__comment": "Cube1",
			"from": [ 5.5, 15.5, 5.75 ],
			"to": [ 10.5, 16, 10.25 ],
			"faces": {
				"down": { "uv": [ 5.5, 5.75, 10.5, 10.25 ], "texture": "#texture" },
				"up": { "uv": [ 5.5, 5.75, 10.5, 10.25 ], "texture": "#texture" },
				"north": { "uv": [ 5.5, 0, 10.5, 0.5 ], "texture": "#texture" },
				"south": { "uv": [ 5.5, 0, 10.5, 0.5 ], "texture": "#texture" },
				"west": { "uv": [ 5.75, 0, 10.25, 0.5 ], "texture": "#texture" },
				"east": { "uv": [ 5.75, 0, 10.25, 0.5 ], "texture": "#texture" }
			}
		}
	]
}