{
	"__comment": "Designed by Filmjolk",
	"ambientocclusion": false,
	"textures": {
		"particle": "#top",
		"bottom": "blocks/door_birch_lower",
		"top": "blocks/door_birch_upper"
	},
	"elements": [
		{
			"__comment": "Cube3",
			"from": [ 0, 0, 0 ],
			"to": [ 3, 5.5, 16 ],
			"faces": {
				"down": { "uv": [ 0, 14.5, 16, 16 ], "texture": "#bottom" },
				"up": { "uv": [ 2, 10.5, 13, 12 ], "texture": "#bottom", "rotation": 90 },
				"north": { "uv": [ 14.5, 10.5, 16, 16 ], "texture": "#bottom" },
				"south": { "uv": [ 14.5, 11, 16, 16 ], "texture": "#bottom" },
				"west": { "uv": [ 0, 10.5, 16, 16 ], "texture": "#bottom" },
				"east": { "uv": [ 16, 10.5, 0, 16 ], "texture": "#bottom" }
			}
		},
		{
			"__comment": "Cube3",
			"from": [ -0.5, 1.5, 0.5 ],
			"to": [ 3.5, 3, 14.5 ],
			"faces": {
				"down": { "uv": [ 0.5, 13, 14.5, 14.5 ], "texture": "#bottom" },
				"up": { "uv": [ 0.5, 13, 14.5, 14 ], "texture": "#bottom", "rotation": 90 },
				"north": { "uv": [ 11, 13, 14.5, 14.5 ], "texture": "#bottom" },
				"south": { "uv": [ 0.5, 13, 4, 14.5 ], "texture": "#bottom" },
				"west": { "uv": [ 0.5, 13, 14.5, 14.5 ], "texture": "#bottom" },
				"east": { "uv": [ 0.5, 13, 14.5, 14.5 ], "texture": "#bottom" }
			}
		},
		{
			"__comment": "Cube3",
			"from": [ 0, 5.5, 13 ],
			"to": [ 3, 16, 16 ],
			"faces": {
				"north": { "uv": [ 13, 0, 14.5, 2.5 ], "texture": "#bottom" },
				"south": { "uv": [ 14.5, 2.5, 16, 13 ], "texture": "#bottom" },
				"west": { "uv": [ 13, 0, 16, 10.5 ], "texture": "#bottom" },
				"east": { "uv": [ 16, 0, 13, 10.5 ], "texture": "#bottom" }
			}
		},
		{
			"__comment": "Cube3",
			"from": [ 0, 5.5, 0 ],
			"to": [ 3, 16, 2 ],
			"faces": {
				"north": { "uv": [ 14.5, 3, 16, 13.5 ], "texture": "#bottom" },
				"south": { "uv": [ 13, 0, 14.5, 2.5 ], "texture": "#bottom" },
				"west": { "uv": [ 0, 0, 2, 10.5 ], "texture": "#bottom" },
				"east": { "uv": [ 2, 0, 0, 10.5 ], "texture": "#bottom" }
			}
		},
		{
			"__comment": "PlaneX8",
			"from": [ 1.5, 5.5, 2 ],
			"to": [ 1.501, 16, 13 ],
			"faces": {
				"west": { "uv": [ 2, 0, 13, 10.5 ], "texture": "#bottom" },
				"east": { "uv": [ 13, 0, 2, 10.5 ], "texture": "#bottom" }
			}
		},
		{
			"__comment": "Cube11",
			"from": [ -0.75, 13.5, 15 ],
			"to": [ 0.25, 16, 15.5 ],
			"faces": {
				"down": { "uv": [ 15, 1, 15.25, 1.5 ], "texture": "#bottom" },
				"north": { "uv": [ 15, 0, 15.25, 2.5 ], "texture": "#bottom" },
				"south": { "uv": [ 15, 0, 15.25, 2.5 ], "texture": "#bottom" }
			}
		},
		{
			"__comment": "Cube11",
			"from": [ -1.25, 13.5, 14 ],
			"to": [ -0.75, 16, 15.5 ],
			"faces": {
				"down": { "uv": [ 14, 1, 15.5, 1.5 ], "texture": "#bottom", "rotation": 270 },
				"north": { "uv": [ 1.5, 0.5, 2, 3 ], "texture": "#bottom" },
				"south": { "uv": [ 15, 0, 15.5, 2.5 ], "texture": "#bottom" },
				"west": { "uv": [ 14, 0, 15.5, 2.5 ], "texture": "#bottom" },
				"east": { "uv": [ 0.5, 0, 2, 2.5 ], "texture": "#bottom" }
			}
		},
		{
			"__comment": "Cube11",
			"from": [ 3.75, 13.5, 14 ],
			"to": [ 4.25, 16, 15.5 ],
			"faces": {
				"down": { "uv": [ 14, 1, 15.5, 1.5 ], "texture": "#bottom", "rotation": 270 },
				"north": { "uv": [ 1.5, 0.5, 2, 3 ], "texture": "#bottom" },
				"south": { "uv": [ 15, 0, 15.5, 2.5 ], "texture": "#bottom" },
				"west": { "uv": [ 14, 0, 15.5, 2.5 ], "texture": "#bottom" },
				"east": { "uv": [ 15.5, 0, 14, 2.5 ], "texture": "#bottom" }
			}
		},
		{
			"__comment": "Cube11",
			"from": [ 2.875, 13.5, 15 ],
			"to": [ 3.875, 16, 15.5 ],
			"faces": {
				"down": { "uv": [ 15, 1, 15.25, 1.5 ], "texture": "#bottom" },
				"north": { "uv": [ 15, 0, 15.25, 2.5 ], "texture": "#bottom" },
				"south": { "uv": [ 15, 0, 15.25, 2.5 ], "texture": "#bottom" }
			}
		}
	]
}