{
	"__comment": "Designed by Filmjolk",
	"parent": "block/block",
	"ambientocclusion": false,
	"textures": {
		"particle": "blocks/spruce_fence",
		"texture": "blocks/spruce_fence"
	},
	"elements": [
		{
			"__comment": "Cube5",
			"from": [ 9.656199, 14.0312, 7.75 ],
			"to": [ 18.6562, 14.5312, 8.25 ],
			"rotation": { "origin": [ 9.65625, 14.03125, 7.75 ], "axis": "z", "angle": -45 },
			"faces": {
				"down": { "uv": [ 1, 0, 1.5, 6 ], "texture": "#texture" },
				"up": { "uv": [ 0.5, 5, 1, 11 ], "texture": "#texture", "rotation": 270 },
				"north": { "uv": [ 0.5, 2.5, 1, 12 ], "texture": "#texture", "rotation": 270 },
				"south": { "uv": [ 0.5, 2.5, 1, 12 ], "texture": "#texture", "rotation": 270 },
				"east": { "uv": [ 6, 13, 7, 13.5 ], "texture": "#texture" }
			}
		},
		{
			"__comment": "Cube5",
			"from": [ 13.0625, 1.125, 7.8125 ],
			"to": [ 17.8125, 1.625, 8.3125 ],
			"rotation": { "origin": [ 13.0625, 1.125, 7.8125 ], "axis": "z", "angle": 45 },
			"faces": {
				"down": { "uv": [ 1.5, 6, 1, 0 ], "texture": "#texture", "rotation": 90 },
				"up": { "uv": [ 7.5, 16, 7, 10 ], "texture": "#texture", "rotation": 180 },
				"north": { "uv": [ 8.5, 11, 9, 11.5 ], "texture": "#texture" },
				"south": { "uv": [ 0.5, 1.5, 1, 2 ], "texture": "#texture" },
				"east": { "uv": [ 1, 11, 0.5, 10.5 ], "texture": "#texture", "rotation": 180 }
			}
		},
		{
			"__comment": "Cube5",
			"from": [ 8, 6.0625, 7.8124 ],
			"to": [ 15, 6.5625, 8.3124 ],
			"rotation": { "origin": [ 8, 6.0625, 7.8125 ], "axis": "z", "angle": -45 },
			"faces": {
				"down": { "uv": [ 1, 0, 1.5, 6 ], "texture": "#texture", "rotation": 270 },
				"up": { "uv": [ 0.5, 0, 1, 6 ], "texture": "#texture", "rotation": 90 },
				"north": { "uv": [ 8.5, 11, 9, 11.5 ], "texture": "#texture" },
				"south": { "uv": [ 0.5, 4, 1, 4.5 ], "texture": "#texture" }
			}
		},
		{
			"__comment": "Cube5",
			"from": [ 6.0625, 7.6563, 7.75 ],
			"to": [ 9.0625, 8.1563, 8.25 ],
			"rotation": { "origin": [ 6.0625, 7.65625, 7.75 ], "axis": "z", "angle": 45 },
			"faces": {
				"down": { "uv": [ 1.5, 6, 1, 0 ], "texture": "#texture", "rotation": 180 },
				"up": { "uv": [ 7.5, 16, 7, 10 ], "texture": "#texture", "rotation": 180 },
				"north": { "uv": [ 8.5, 11, 9, 11.5 ], "texture": "#texture" },
				"south": { "uv": [ 0.5, 4, 1, 4.5 ], "texture": "#texture" }
			}
		},
		{
			"__comment": "Cube5",
			"from": [ 12.8125, 7.375, 7.8125 ],
			"to": [ 17.3125, 7.875, 8.3125 ],
			"rotation": { "origin": [ 12.8125, 7.375, 7.8125 ], "axis": "z", "angle": -45 },
			"faces": {
				"down": { "uv": [ 1, 0, 1.5, 6 ], "texture": "#texture", "rotation": 270 },
				"up": { "uv": [ 0.5, 0, 1, 6 ], "texture": "#texture", "rotation": 270 },
				"north": { "uv": [ 8.5, 11, 9, 11.5 ], "texture": "#texture" },
				"south": { "uv": [ 0.5, 3.5, 1, 4 ], "texture": "#texture" },
				"west": { "uv": [ 10, 11, 16, 11.5 ], "texture": "#texture" },
				"east": { "uv": [ 0, 11, 6, 11.5 ], "texture": "#texture" }
			}
		},
		{
			"__comment": "Cube5",
			"from": [ 8.375, 2.5625, 7.8124 ],
			"to": [ 15.375, 3.0625, 8.3124 ],
			"rotation": { "origin": [ 8.375, 2.5625, 7.8125 ], "axis": "z", "angle": 45 },
			"faces": {
				"down": { "uv": [ 1.5, 6, 1, 0 ], "texture": "#texture", "rotation": 90 },
				"up": { "uv": [ 7.5, 16, 7, 10 ], "texture": "#texture", "rotation": 180 },
				"north": { "uv": [ 8.5, 11, 9, 11.5 ], "texture": "#texture" },
				"south": { "uv": [ 0.5, 4.5, 1, 5 ], "texture": "#texture" }
			}
		},
		{
			"__comment": "Cube2",
			"from": [ 0, 14, 6.75 ],
			"to": [ 16, 15.5, 9.25 ],
			"faces": {
				"down": { "uv": [ 8.5, 0, 11, 16 ], "texture": "#texture", "rotation": 270 },
				"up": { "uv": [ 13.5, 0, 16, 16 ], "texture": "#texture", "rotation": 270 },
				"north": { "uv": [ 12, 0, 13.5, 16 ], "texture": "#texture", "rotation": 270 },
				"south": { "uv": [ 12, 0, 13.5, 16 ], "texture": "#texture", "rotation": 270 },
				"west": { "uv": [ 5, 14, 7.5, 15.5 ], "texture": "#texture" },
				"east": { "uv": [ 5, 14, 7.5, 15.5 ], "texture": "#texture" }
			}
		},
		{
			"__comment": "Cube3",
			"from": [ 0, 7.5, 7.25 ],
			"to": [ 16, 8, 8.75 ],
			"faces": {
				"down": { "uv": [ 11.5, 0, 13, 13 ], "texture": "#texture", "rotation": 270 },
				"up": { "uv": [ 10.5, 0, 12, 16 ], "texture": "#texture", "rotation": 270 },
				"north": { "uv": [ 0.5, 0, 1, 16 ], "texture": "#texture", "rotation": 270 },
				"south": { "uv": [ 0.5, 0, 1, 16 ], "texture": "#texture", "rotation": 270 },
				"west": { "uv": [ 5.5, 13, 7, 13.5 ], "texture": "#texture" },
				"east": { "uv": [ 5.5, 13, 7, 13.5 ], "texture": "#texture" }
			}
		},
		{
			"__comment": "Cube4",
			"from": [ 0, 0.5625, 7 ],
			"to": [ 16, 1.5625, 9 ],
			"faces": {
				"down": { "uv": [ 8.5, 0, 10.5, 16 ], "texture": "#texture", "rotation": 270 },
				"up": { "uv": [ 8.5, 0, 10.5, 16 ], "texture": "#texture", "rotation": 270 },
				"north": { "uv": [ 2, 0, 1, 16 ], "texture": "#texture", "rotation": 270 },
				"south": { "uv": [ 1, 0, 2, 16 ], "texture": "#texture", "rotation": 90 },
				"west": { "uv": [ 5, 14.5, 7, 15.5 ], "texture": "#texture" },
				"east": { "uv": [ 5.5, 14.5, 7.5, 15.5 ], "texture": "#texture" }
			}
		},
		{
			"__comment": "Cube5",
			"from": [ -0.3438, 14.0312, 7.75 ],
			"to": [ 8.6562, 14.5312, 8.25 ],
			"rotation": { "origin": [ -0.34375, 14.03125, 7.75 ], "axis": "z", "angle": -45 },
			"faces": {
				"down": { "uv": [ 1, 0, 1.5, 6 ], "texture": "#texture", "rotation": 270 },
				"up": { "uv": [ 0.5, 0, 1, 6 ], "texture": "#texture", "rotation": 270 },
				"north": { "uv": [ 8.5, 11, 9, 11.5 ], "texture": "#texture" },
				"south": { "uv": [ 0.5, 4.5, 1, 5 ], "texture": "#texture" },
				"west": { "uv": [ 0.5, 10.5, 1, 11 ], "texture": "#texture" }
			}
		},
		{
			"__comment": "Cube5",
			"from": [ 3.0624, 1.1875, 7.7812 ],
			"to": [ 10.0624, 1.6875, 8.2812 ],
			"rotation": { "origin": [ 3.0625, 1.1875, 7.78125 ], "axis": "z", "angle": 45 },
			"faces": {
				"down": { "uv": [ 1.5, 6, 1, 0 ], "texture": "#texture", "rotation": 90 },
				"up": { "uv": [ 1, 6, 0.5, 0 ], "texture": "#texture", "rotation": 90 },
				"north": { "uv": [ 8.5, 11, 9, 11.5 ], "texture": "#texture" },
				"south": { "uv": [ 0.5, 2.5, 1, 3 ], "texture": "#texture" }
			}
		},
		{
			"__comment": "Cube5",
			"from": [ -0.3438, 4.4688, 7.7812 ],
			"to": [ 4.1562, 4.9688, 8.2812 ],
			"rotation": { "origin": [ -0.34375, 4.46875, 7.78125 ], "axis": "z", "angle": -45 },
			"faces": {
				"down": { "uv": [ 1, 2.5, 1.5, 8.5 ], "texture": "#texture" },
				"up": { "uv": [ 1, 3.5, 1.5, 9.5 ], "texture": "#texture" },
				"north": { "uv": [ 8.5, 11, 9, 11.5 ], "texture": "#texture" },
				"south": { "uv": [ 0.5, 4.5, 1, 5 ], "texture": "#texture" },
				"west": { "uv": [ 9.5, 11, 10, 12 ], "texture": "#texture" }
			}
		},
		{
			"__comment": "Cube5",
			"from": [ 0, 7.5938, 7.75 ],
			"to": [ 8.75, 8.0938, 8.25 ],
			"rotation": { "origin": [ 0, 7.59375, 7.75 ], "axis": "z", "angle": 45 },
			"faces": {
				"down": { "uv": [ 1.5, 11, 1, 10.5 ], "texture": "#texture" },
				"up": { "uv": [ 1, 6, 0.5, 0 ], "texture": "#texture", "rotation": 90 },
				"north": { "uv": [ 8.5, 11, 9, 11.5 ], "texture": "#texture" },
				"south": { "uv": [ 0.5, 4.5, 1, 5 ], "texture": "#texture" },
				"west": { "uv": [ 10, 12, 9, 13 ], "texture": "#texture", "rotation": 180 },
				"east": { "uv": [ 10, 10, 9, 9 ], "texture": "#texture", "rotation": 180 }
			}
		},
		{
			"__comment": "Cube5",
			"from": [ 2.6875, 7.4687, 7.7812 ],
			"to": [ 9.6875, 7.9687, 8.2812 ],
			"rotation": { "origin": [ 2.6875, 7.46875, 7.78125 ], "axis": "z", "angle": -45 },
			"faces": {
				"down": { "uv": [ 1, 0, 1.5, 6 ], "texture": "#texture", "rotation": 270 },
				"up": { "uv": [ 0.5, 0, 1, 6 ], "texture": "#texture", "rotation": 270 },
				"north": { "uv": [ 8.5, 11, 9, 11.5 ], "texture": "#texture" },
				"south": { "uv": [ 0.5, 11, 1, 11.5 ], "texture": "#texture" }
			}
		},
		{
			"__comment": "Cube5",
			"from": [ 0, 4.125, 7.7812 ],
			"to": [ 4.75, 4.625, 8.2812 ],
			"rotation": { "origin": [ 0, 4.125, 7.78125 ], "axis": "z", "angle": 45 },
			"faces": {
				"down": { "uv": [ 1.5, 8, 1, 2 ], "texture": "#texture", "rotation": 180 },
				"up": { "uv": [ 1, 8, 0.5, 16 ], "texture": "#texture", "rotation": 90 },
				"north": { "uv": [ 8.5, 11, 9, 11.5 ], "texture": "#texture" },
				"south": { "uv": [ 0.5, 7.5, 1, 8 ], "texture": "#texture" },
				"west": { "uv": [ 1.5, 1, 1, 5.500001 ], "texture": "#texture", "rotation": 180 }
			}
		},
		{
			"__comment": "Cube5",
			"from": [ 7.8437, 9.8125, 7.75 ],
			"to": [ 10.8437, 10.3125, 8.25 ],
			"rotation": { "origin": [ 7.84375, 9.8125, 7.75 ], "axis": "z", "angle": -45 },
			"faces": {
				"down": { "uv": [ 1, 0, 1.5, 6 ], "texture": "#texture" },
				"up": { "uv": [ 0.5, 0, 1, 6 ], "texture": "#texture", "rotation": 270 },
				"north": { "uv": [ 0.5, 4.5, 1, 8.5 ], "texture": "#texture", "rotation": 270 },
				"south": { "uv": [ 0.5, 3, 1, 3.5 ], "texture": "#texture" }
			}
		},
		{
			"__comment": "Cube5",
			"from": [ 5.7187, 13.9062, 7.75 ],
			"to": [ 8.7187, 14.4062, 8.25 ],
			"rotation": { "origin": [ 5.71875, 13.90625, 7.75 ], "axis": "z", "angle": -45 },
			"faces": {
				"down": { "uv": [ 1, 1, 1.5, 7 ], "texture": "#texture", "rotation": 270 },
				"up": { "uv": [ 7, 10, 7.5, 16 ], "texture": "#texture" },
				"north": { "uv": [ 8.5, 11, 9, 11.5 ], "texture": "#texture" },
				"south": { "uv": [ 0.5, 4, 1, 4.5 ], "texture": "#texture" }
			}
		},
		{
			"__comment": "Cube5",
			"from": [ 10, 7.5938, 7.75 ],
			"to": [ 18.75, 8.0938, 8.25 ],
			"rotation": { "origin": [ 10, 7.59375, 7.75 ], "axis": "z", "angle": 45 },
			"faces": {
				"down": { "uv": [ 1, 11.5, 0.5, 4 ], "texture": "#texture", "rotation": 90 },
				"up": { "uv": [ 1, 13, 0.5, 5.5 ], "texture": "#texture", "rotation": 90 },
				"north": { "uv": [ 0.5, 2.5, 1, 12 ], "texture": "#texture", "rotation": 270 },
				"south": { "uv": [ 1, 1, 0.5, 9.5 ], "texture": "#texture", "rotation": 270 },
				"east": { "uv": [ 1, 3, 0.5, 3.5 ], "texture": "#texture", "rotation": 180 }
			}
		},
		{
			"__comment": "Cube22",
			"from": [ 7.5, 0, 7.5 ],
			"to": [ 8.5, 14.5, 8.5 ],
			"faces": {
				"down": { "uv": [ 9, 11, 10, 12 ], "texture": "#texture" },
				"north": { "uv": [ 13, 1, 14, 14.5 ], "texture": "#texture" },
				"south": { "uv": [ 13, 1, 14, 14.5 ], "texture": "#texture" },
				"west": { "uv": [ 6, 2.5, 7, 16 ], "texture": "#texture" },
				"east": { "uv": [ 6, 1.5, 7, 15 ], "texture": "#texture" }
			}
		},
		{
			"__comment": "Cube23",
			"from": [ 7.25, 3.8438, 7.5312 ],
			"to": [ 8.75, 11.8438, 8.4687 ],
			"faces": {
				"down": { "uv": [ 7.25, 7.5, 8.75, 8.5 ], "texture": "#texture" },
				"up": { "uv": [ 7.25, 7.5, 8.75, 8.5 ], "texture": "#texture" },
				"north": { "uv": [ 12.5, 3.5, 14.5, 11.5 ], "texture": "#texture" },
				"south": { "uv": [ 12.5, 4, 14.5, 12 ], "texture": "#texture" },
				"west": { "uv": [ 6.5, 4.5, 7.5, 12.5 ], "texture": "#texture" },
				"east": { "uv": [ 6.5, 4, 7.5, 12 ], "texture": "#texture" }
			}
		},
		{
			"__comment": "Cube5",
			"from": [ 8.281199, 11.875, 7.75 ],
			"to": [ 11.2812, 12.375, 8.25 ],
			"rotation": { "origin": [ 8.28125, 11.875, 7.75 ], "axis": "z", "angle": 45 },
			"faces": {
				"down": { "uv": [ 1.5, 6, 1, 0 ], "texture": "#texture", "rotation": 180 },
				"up": { "uv": [ 7.5, 16, 7, 10 ], "texture": "#texture", "rotation": 180 },
				"north": { "uv": [ 8.5, 11, 9, 11.5 ], "texture": "#texture" },
				"south": { "uv": [ 0.5, 0.5, 1, 5.5 ], "texture": "#texture" }
			}
		}
	],
	"display": {
		"gui": {
			"rotation":  [ 30, 45, 0 ],
			"scale":  [ 0.625, 0.625, 0.625 ]
		},
		"fixed": {
			"rotation":  [ 0, 90, 0 ],
			"scale":  [ 0.5, 0.5, 0.5 ]
		}
	}
}